,id,url,title,company,stack,remote,location,industry,type,created_at,text,summary,education,size,experience,remote_num,exp_num,rank
0,73785,https://www.welcometothejungle.com/fr/companies/lisi/jobs/ingenieur-traitement-donnees-data-engineer-h-f_paris,IngÃ©nieur Traitement DonnÃ©es  - Data Engineer,LISI,"{KNIME,R,AWS,via,SQL,Python}",TÃ©lÃ©travail partiel possible,"Paris, 75000","Pharmaceutique / Biotechnologique, AÃ©ronautique / Spatiale, Automobile",CDI,2023-05-03,"""Shape & Share Sustainable Links"" LISI est un Groupe industriel mondial. Il est spÃ©cialisÃ© dans la fabrication de solutions dâ€™assemblage et de composants Ã  forte valeur ajoutÃ©e pour les secteurs de lâ€™aÃ©ronautique, de lâ€™automobile et du mÃ©dical. LISI est partenaire des plus grands acteurs mondiaux et est portÃ© par ses valeurs familiales de long terme. Le Groupe innove et investit dans la recherche et le dÃ©veloppement des produits de demain pour rÃ©pondre aux besoins de ses clients, notamment en matiÃ¨re de qualitÃ©, de sÃ©curitÃ© et de performance. Comment LISI se diffÃ©rencie ? En sâ€™appuyant sur deux axes stratÃ©giques : lâ€™innovation et lâ€™excellence opÃ©rationnelle, tout en intÃ©grant une forte culture RSE. Sa filiale, Lisi Aerospace, Ã©quipementier aÃ©ronautique de premier rang spÃ©cialisÃ© dans la fabrication de piÃ¨ces de fixation et de composants de structure recherche un IngÃ©nieur Traitement DonnÃ©es - Data Engineer (H/F) basÃ© Ã  Paris 12Ã¨me en CDI. Au sein dâ€™une Ã©quipe de 3 personnes sous la responsabilitÃ© du Responsable Performance, lâ€™IngÃ©nieur(e) Traitement DonnÃ©es supporte les 8 usines de la BU Composants de Structure dans lâ€™amÃ©lioration de leur maÃ®trise process. Pour ce faire, il ou elle propose, conseille ou implÃ©mente les moyens le plus adaptÃ©s pour collecter, transformer, stocker et analyser les donnÃ©es utiles au processus de production. Sa mission principale consiste Ã  rÃ©aliser tout ou une partie des Ã©tapes suivantes en laissant Ã  chaque usine la plus grande autonomie possible : - Recueillir les besoins fonctionnels des diffÃ©rentes usines de la BU Composants de Structure concernant la collecte, la transformation et le stockage des donnÃ©es. - DÃ©finir, en partenariat avec les mÃ©tiers concernÃ©es et lâ€™IT, lâ€™architecture de donnÃ©es la plus adaptÃ©e pour y rÃ©pondre - DÃ©velopper les flux de donnÃ©es prototypes, mettre en place les bases de donnÃ©es associÃ©es - DÃ©ployer les solutions sur le terrain, accompagner les utilisateurs - Industrialiser et assurer la MCO des solutions mises en place Il / Elle aura Ã©galement en charge les missions suivantes : DÃ©finir les standards de collecte de donnÃ©es process pour la BU, dÃ¨s les phases dâ€™industrialisation Faire le lien avec la maintenance et les automaticiens pour la mise en place de collecte de donnÃ©es process Participer Ã  la rÃ©solution de problÃ¨mes liÃ©s aux donnÃ©es, y compris en dÃ©veloppant des algorithmes permettant lâ€™optimisation des process de fabrication au sein de la BU Participer et co-animer la communautÃ© Data Etablir le lien entre les mÃ©tiers et analyser les donnÃ©es pour une maitrise optimale du process Assurer un rÃ´le de rÃ©fÃ©rent mÃ©tier pour le DataLake Soutenir la dÃ©marche dâ€™excellence opÃ©rationnelle en apportant son expertise sur le traitement de la donnÃ©eLe poste implique des dÃ©placements rÃ©guliers en France et Ã  l'Ã©tranger (10% Ã  30%) Ce poste est pour vous si : Vous avez, de prÃ©fÃ©rence, des compÃ©tences en mÃ©canique avec un goÃ»t avÃ©rÃ© pour l'informatique Vous maÃ®trisez des mÃ©thodes et outils de collecte, transformation et stockage de donnÃ©es, via lâ€™utilisation par exemple dâ€™un ou plusieurs outils/langages usuels : SQL, Power Query, KNIME, Python, Râ€¦ La connaissance des outils Analytics dâ€™AWS est un plus La connaissances de certains procÃ©dÃ©s mÃ©tallurgiques (forge, usinage, contrÃ´les 3Dâ€¦) est un plus Vous avez un niveau d'anglais opÃ©rationnel oral et Ã©crit Vous Ãªtes-vous dÃ©jÃ  demandÃ© de quoi est fait un avion ? Prenez part Ã  notre ambition : accompagner les acteurs du changement pour rendre les avions plus rapides Ã  assembler, plus sÃ»rs et plus Ã©conomes. Notre Raison dâ€™Etre ? CrÃ©er et Partager des liens durables ! Nos valeurs ? https://careers.lisi-group.com/fr/decouvrir-lisi/nos-valeurs/ POURQUOI NOUS REJOINDRE : Cadre de travail agrÃ©able et Ã©quipe conviviale dans une entreprise familiale TÃ©lÃ©travail 2 jours par semaine aprÃ¨s 6 mois de prÃ©sence Prime d'objectifs de 10% du salaire fixe annuel Prime de participation et IntÃ©ressement sur l'ensemble de la rÃ©munÃ©ration (fixe + variable)",,Bac +4,> 2000 salariÃ©s,< 6 mois,2,3,0.3100868364730212
15,73705,https://www.welcometothejungle.com/fr/companies/societe-generale/jobs/data-engineer_fontenay-sous-bois_SG_QX9ryP,Data engineer,SociÃ©tÃ© GÃ©nÃ©rale,"{Scala,Spark,Nifi,Kafka,Hadoop,Python}",TÃ©lÃ©travail partiel possible,"Fontenay-Sous-Bois, 92060","Banque, FinTech / InsurTech, Finance",Alternance,2023-05-03,"Chez SociÃ©tÃ© GÃ©nÃ©rale, nous sommes convaincus que vous Ãªtes le moteur du changement et que le monde de demain sera fait de toutes leurs initiatives, des plus petites aux plus ambitieuses. Aux 4 coins du monde, que vous nous rejoigniez pour quelques mois, quelques annÃ©es ou toute votre carriÃ¨re, ensemble nous avons les moyens d'avoir un impact positif sur l'avenir. CrÃ©er, oser, innover, entreprendre font partie de notre ADN. Si vous aussi vous souhaitez Ãªtre dans l'action, Ã©voluer dans un environnement stimulant et bienveillant, vous sentir utile au quotidien et dÃ©velopper ou renforcer votre expertise, nous sommes faits pour nous rencontrer ! DÃ©tection de fraude en temps rÃ©el, anonymisation de donnÃ©es ou encore amÃ©lioration de moteurs de recommandation, vous crÃ©ez des architectures qui rÃ©pondent aux problÃ©matiques de masse de donnÃ©es, de rapiditÃ© et de volume. Bref, Vous Ãªtes un(e) vrai(e) maestro de la data ? Rejoignez-nous ! ConcrÃ¨tement, vous serez amenÃ©(e) Ã : Concevoir des solutions pour collecter, nettoyer, organiser et synthÃ©tiser de gros volumes de donnÃ©es (pour alimenter bases de donnÃ©es, datalakes et projets Big Data) Travailler en Ã©troite collaboration avec les Data Architectes et Data Scientists pour industrialiser le procÃ©dÃ© et produire des analyses opÃ©rationnelles Participer Ã  l'analyse complexe de donnÃ©es provenant de diffÃ©rentes sources Assurer une veille technologique permettant de tester de nouvelles fonctionnalitÃ©s et nouveaux outils Vous prÃ©parez un Bac+5 en Ã©cole de Commerce, d'IngÃ©nieur ou UniversitÃ© avec une spÃ©cialisation en i nformatique. Vous avez des compÃ©tences dans un environnement tech : Hadoop Hortonworks, Kafka, Nifi, etc. Vous Ãªtes PassionnÃ©(e) de data, vous participerez aux dÃ©veloppement de projets innovants et partagez avec votre Ã©quipe Vous Ãªtes curieux(se), avec un bon esprit d'analyse et de synthÃ¨se Vous aimez dÃ©velopper en Python, Spark et Scala You're fluent in English! Vous Ãªtes notre candidat(e) idÃ©al(e) ! Pensez Ã  accompagner votre CV de votre planning de formation.",,Bac +5 / Master,> 2000 salariÃ©s,< 6 mois,2,3,0.3100868364730212
13,73928,https://www.welcometothejungle.com/fr/companies/societe-generale/jobs/data-engineer_fontenay-sous-bois_SG_M2VbYO8,Data Engineer,SociÃ©tÃ© GÃ©nÃ©rale,"{Scala,Spark,Nifi,Kafka,Hadoop,Python}",TÃ©lÃ©travail partiel possible,"6 AllÃ©e des Sablons, Fontenay-Sous-Bois, 94120 ","Banque, FinTech / InsurTech, Finance",Stage,2023-05-03,"Chez SociÃ©tÃ© GÃ©nÃ©rale, nous sommes convaincus que vous Ãªtes le moteur du changement et que le monde de demain sera fait de toutes leurs initiatives, des plus petites aux plus ambitieuses. Aux 4 coins du monde, que vous nous rejoigniez pour quelques mois, quelques annÃ©es ou toute votre carriÃ¨re, ensemble nous avons les moyens d'avoir un impact positif sur l'avenir. CrÃ©er, oser, innover, entreprendre font partie de notre ADN. Si vous aussi vous souhaitez Ãªtre dans l'action, Ã©voluer dans un environnement stimulant et bienveillant, vous sentir utile au quotidien et dÃ©velopper ou renforcer votre expertise, nous sommes faits pour nous rencontrer ! DÃ©tection de fraude en temps rÃ©el, anonymisation de donnÃ©es ou encore amÃ©lioration de moteurs de recommandation, vous crÃ©ez des architectures qui rÃ©pondent aux problÃ©matiques de masse de donnÃ©es, de rapiditÃ© et de volume. Bref, un(e) vrai(e) maestro de la data ! ConcrÃªtement, vous serez amenÃ©(e) Ã : * Concevoir des solutions pour collecter, nettoyer, organiser et synthÃ©tiser de gros volumes de donnÃ©es (pour alimenter bases de donnÃ©es, datalakes et projets Big Data) * Travailler en Ã©troite collaboration avec les Data Architectes et Data Scientists pour industrialiser le procÃ©dÃ© et produire des analyses opÃ©rationnelles * Participer Ã  l'analyse complexe de donnÃ©es provenant de diffÃ©rentes sources * Assurer une veille technologique permettant de tester de nouvelles fonctionnalitÃ©s et nouveaux outils * De formation Bac +4/5 en Ã©cole d'ingÃ©nieur, ou en informatique et avez des compÃ©tences dans un environnement tech : Hadoop Hortonworks, Kafka, Nifi, etc. * PassionnÃ©(e) de data, vous participerez aux dÃ©veloppement de projets innovants et partagez avec votre Ã©quipe * Vous Ãªtes curieux(se), avec un bon esprit d'analyse et de synthÃ¨se * Vous aimez dÃ©velopper en Python, Spark et Scala * You're fluent in English!",,Bac +4,> 2000 salariÃ©s,< 6 mois,2,3,0.3100868364730212
11,73915,https://www.welcometothejungle.com/fr/companies/societe-generale/jobs/data-engineer_fontenay-sous-bois_SG_kykrQYW,Data Engineer,SociÃ©tÃ© GÃ©nÃ©rale,"{Python,SQL,Java}",TÃ©lÃ©travail partiel possible,"FONTENAY-SOUS-BOIS, Fontenay-Sous-Bois, 93200","Banque, FinTech / InsurTech, Finance",Alternance,2023-05-03,"Chez SociÃ©tÃ© GÃ©nÃ©rale, nous sommes convaincus que vous Ãªtes le moteur du changement et que le monde de demain sera fait de toutes leurs initiatives, des plus petites aux plus ambitieuses. Aux 4 coins du monde, que vous nous rejoigniez pour quelques mois, quelques annÃ©es ou toute votre carriÃ¨re, ensemble nous avons les moyens d'avoir un impact positif sur l'avenir. CrÃ©er, oser, innover, entreprendre font partie de notre ADN. Si vous aussi vous souhaitez Ãªtre dans l'action, Ã©voluer dans un environnement stimulant et bienveillant, vous sentir utile au quotidien et dÃ©velopper ou renforcer votre expertise, nous sommes faits pour nous rencontrer ! Vous savez Â« faire parler Â» les donnÃ©es pour crÃ©er de la valeur ? Vous souhaitez travailler en mode agile ? Rejoignez les Infrastructures Informatiques d'un Groupe en pleine transition numÃ©rique ! Vous intÃ©grerez les Ã©quipes de transformation de la chaine SolvabilitÃ© et participerez notamment Ã  la mise en place d'une chaine applicative sous le Cloud. ConcrÃ¨tement, et sous la supervision de votre tuteur(rice) et/ou manager, vous serez amenÃ©(e) Ã  : Participer Ã  la crÃ©ation des User Stories de la Feature Team concernÃ©e DÃ©velopper, tester et livrer des nouveaux composants associÃ©s CrÃ©er de tests unitaires, contribution aux travaux d'intÃ©gration, automatiser des tests et construire de TDD et BDD Analyser, paramÃ©trer et coder des composants logiciels ainsi que l'optimisation du code et diffusion de bonnes pratiques RÃ©aliser le reporting , participer au suivi de la production et support GÃ©rer la qualitÃ© des dÃ©veloppements : temps de traitement, optimisation et contrÃ´le des donnÃ©es Vous allez prÃ©parer un Bac+4/Bac+5 en Ã©cole d'IngÃ©nieur ou UniversitÃ© avec une spÃ©cialisation en Informatique Vous Ãªtes curieux(se), autonome et avide de nouvelles technologies. Vous avez de bonnes capacitÃ©s de rÃ©daction, d'analyse et de conception et vous faites preuve d'Ã©coute et de prise d'initiative Vous souhaitez Ã©voluer dans un environnement dynamique et faites preuve d'une excellente communication Vous avez des notions de SQL et de dÃ©veloppement en Python/Java. You're fluent in english ! Vous Ãªtes notre candidat(e) idÃ©al(e) ! Pensez Ã  accompagner votre Cv de votre planning de formation !",,Bac +4,> 2000 salariÃ©s,< 6 mois,2,3,0.3100868364730212
10,73806,https://www.welcometothejungle.com/fr/companies/shine/jobs/analytics-engineer_paris,Analytics Engineer,Shine,"{Ruby,BigQuery,Shell,Looker,Tableau,Metabase,SQL,Mixpanel,scale,Python}",TÃ©lÃ©travail total possible,"Paris, 75001","Application mobile, FinTech / InsurTech",CDI,2023-05-03,"Shine simplifie le quotidien des indÃ©pendantÂ·es et petites entreprises pour leur permettre de se concentrer sur ce qui compte vraiment : leur rÃ©ussite. âœ¨ Câ€™est un compte pro responsable , qui propose des services en ligne et un vÃ©ritable copilote administratif . Shine simplifie lâ€™expÃ©rience bancaire et administrative des indÃ©pendantÂ·es, grÃ¢ce Ã  un Ã©quilibre entre service en ligne et accompagnement humain. Les entrepreneurÂ·es peuvent se reposer sur une Ã©quipe dâ€™expertÂ·es disponibles sept jours sur sept pour rÃ©pondre Ã  toutes leurs interrogations administratives et sur une application et des fonctionnalitÃ©s innovantes: un compte pro 100% en ligne, avec une application simple et intuitive, pour gÃ©rer leur activitÃ© un copilote administratif, pour les accompagner de la crÃ©ation de leur entreprise Ã  la gestion quotidienne des assurances inÃ©dites, pour protÃ©ger lâ€™activitÃ© des indÃ©pendantÂ·es Au delÃ  de cette mission, Shine en tant quâ€™entreprise aspire Ã  avoir un impact social et Ã©cologique positif . La startup a Ã  cÅ“ur de favoriser la diversitÃ© et lâ€™inclusion au sein de ses Ã©quipes et de sa communautÃ©. Elle est Ã©galement labellisÃ©e B Corp. Enfin, Shine fait partie du mouvement 1% pour la planÃ¨te et reverse 1% de son chiffre dâ€™affaires annuel Ã  des associations environnementales. LancÃ© en 2018, Shine a levÃ© 10,8 millions dâ€™euros auprÃ¨s de Daphni, Kima Ventures, XAnge et plusieurs business angels. La startup a rejoint en 2020 la SociÃ©tÃ© GÃ©nÃ©rale et accÃ©lÃ¨re son dÃ©veloppement tout en restant une structure indÃ©pendante. Rejoindre Shine aujourdâ€™hui, câ€™est faire partie dâ€™une Ã©quipe internationale de 130 personnes passionnÃ©es qui travaillent en remote ou dans leurs bureaux dans le centre de Paris. Câ€™est aussi aider 100 000 entrepreneurÂ·es et prendre part Ã  leur croissance pour impacter des millions de personnes ! Shineâ€™s Data team We build the most reliable data architecture to insure the best collect, analysis and data visualisation possible - it goes without saying that the data team plays an essential role for Shine ! âœ¨ Our squad is made of 4 Data Engineers, 1 scientist, 3 Data Analysts, 1 Lead Data Analyst and a head of data to insure top synchronisation with our product and or business. You will report directly to Saghar , our Lead Data Analyst and will create and maintain the company's analytics infrastructure (data pipelines, data warehousing, and data visualisation tools) to support our needs. You will also evangelize best practices and be responsible for ensuring the reliability and integrity of the collected and analyzed data. Regarding our stack, we are mainly using : BigQuery for our data warehouse Segment for events tracking, documentation and enrichment Mode, Metabase, Looker Studio and Mixpanel for visualization Google Analytics et Matomo for web data Joining us as an Analytics Engineer ğŸ‘‹ Proactively designing a product friendly data model by creating and updating data tables on different layers Collaborating with data analysts to create analytics tables that are ready for analysis Working as pair with Data Engineers to make sure the Analytics platform is logically integrating as part of the Data Platform Contributing to the development of the data team to ensure the adoption of best practices in terms of analysis, data visualisation Collaborating with Tech and Business teams who produce part of the data to give them feedback and improve how the data is produced Enriching our data documentation glossary which involves adding data and business definitions Working on the migration of all the dashboards from Mode Analytics to Data Studio It's a match if ğŸ¤ You have 3+ years of experience in a Analytics Engineer or equivalent position (Data Analyst, BI, Data Engineerâ€¦) You're proficient with SQL in the context of complex data transformations Youâ€™re comfortable with a visualisation tool (ex: Data Studio, Looker, Tableau, Mode, Metabase) You have experience with data modelling, ETL processes and data warehousing Youâ€™re autonomous to script actions and tasks in your favorite language (Python, JS, Ruby, Shellâ€¦) You demonstrate the ability to communicate complex business activities, technical requirements, and recommendations in a clear and concise manner. You have a good product sense : ability to empathize with customers, understand business and product problems Your role is at the crossroads of different disciplines and you'll interact with a lot of different people - you enjoy working as a team-player and learning from others You stick to Shineâ€™s values and are interested by our product ğŸ’› You can understand this job description and work in English (our data team is international!) Life at Shine âœ¨ Working at Shine is joining a fast paced scale-up, a useful and UX driven product but not onlyâ€¦ Before anything else, itâ€™s being a part of a great human experience in a company driven by amazing values toward people and ecological matters We do believe that caring is not only about giving autonomy, responsibility and encouraging proactivity. Thatâ€™s why we offer: ğŸ’° A fair and transparent salary ( More informations ) ğŸ  A flexible and remote-friendly environnement. From France and Europe! ğŸ¢ A brand new and stunning office in Paris - Also a nice corner in Station F ğŸ–¥ï¸ Everything you need to work in perfect conditions (Co-working space, furniture, monitors, mouse, etc.) But also... ğŸ‘©â€ğŸ’» 1 freelancing day / month. The perfect occasion to put yourself in a Shineâ€™s userâ€™s shoes (Shine premium is offered) ğŸ‘ª A second parent leave extended to 8 weeks + 3 days of parental leave for sick child ğŸ’š Healthcare program 100% covered by Shine for you and your family ğŸ¶ Culture budget : 275â‚¬/ year to buy books or listen to music (Spotify, Deezer â€¦) ğŸ¤¸ Sport pack: 300â‚¬ per year to subscribe to gym, participate in sport competitions â€¦ Take care of yourself! ğŸš´â€â™‚ï¸ Bike + transport : Refund of your fees, on jump seats like on bike paths! â˜€ï¸ 35 days of holidays for everyone! ğŸ 1% salary bonus in June to enjoy your Holiday You wonder about our hiring process ? 1ï¸âƒ£ A 45â€™ first call with AnnaÃ¯g, our data talent acquisition specialist, to get to know each other and tell you more about Shine. 2ï¸âƒ£ A 60â€™ technical Interview with Saghar , your future manager about your data experiences. 3ï¸âƒ£ A 45â€™ Interview with Nicolas , our Head of Data + a 45â€™ cultural interview to give you more context about Shineâ€™s values. 4ï¸âƒ£ A half-day immersion for you to understand Shineâ€™s culture, meet the team and get an introduction to our data analysis environment with a case study.",,Non spÃ©cifiÃ©,Entre 50 et 250 salariÃ©s,Non spÃ©cifiÃ©,3,1,0.24806946917841696
12,73890,https://www.welcometothejungle.com/fr/companies/sopra-steria/jobs/data-engineer-big-data-banque-bordeaux_bordeaux_SS_wy9yV7R,Data Engineer - Big Data - Banque - Bordeaux,Sopra Steria,"{Scala,Shell,Hdfs,hive,GitLab,Jenkins,spark}",TÃ©lÃ©travail total possible,"Avenue Pythagore, Bordeaux, 33700","IT / Digital, Organisation / Management",CDI,2023-05-03,"Sopra Steria, l'un des leaders europÃ©ens de la Tech reconnu pour ses activitÃ©s de conseil, de services numÃ©riques et d'Ã©dition de logiciels, aide ses clients Ã  mener leur transformation digitale et Ã  obtenir des bÃ©nÃ©fices concrets et durables. Il apporte une rÃ©ponse globale aux enjeux de compÃ©titivitÃ© des grandes entreprises et organisations, combinant une connaissance approfondie des secteurs d'activitÃ© et des technologies innovantes Ã  une approche rÃ©solument collaborative. Sopra Steria place l'humain au centre de son action et s'engage auprÃ¨s de ses clients Ã  tirer le meilleur parti du digital pour construire un avenir positif. Fort de 50 000 collaborateurs dans prÃ¨s de 30 pays, le Groupe a rÃ©alisÃ© un chiffre d'affaires de 5,1milliards d'euros en 2022. The world is how we shape it Sopra Steria (SOP) est cotÃ© sur Euronext Paris (Compartiment A) - Code ISIN : FR0000050809 Pour plus d'informations, retrouvez-nous sur www.soprasteria.com/fr La division Â« Banque Â» s'est dÃ©veloppÃ©e autour des mÃ©tiers de la banque de dÃ©tail, de la banque privÃ©e et des services financiers spÃ©cialisÃ©s. Nous participons Ã  la rÃ©volution digitale grÃ¢ce Ã  notre expertise en automatisation des processus, Big Data, IA, Cloud. Nous accompagnons la transformation de nos clients en y associant nos compÃ©tences dans les domaines fonctionnels des CrÃ©dits, des Risques/ConformitÃ© et des Moyens de Paiement. Votre futur environnement de travail : IntÃ©grÃ©(e) au sein d'une Ã©quipe Sopra Steria, pour un de nos Grands Comptes Bancaires, vous participez Ã  un projet Big Data, en mode Agile, et intervenez en tant que rÃ©fÃ©rent(e) technique au sein de votre Ã©quipe. Votre rÃ´le et vos missions : A cette occasion vous Ãªtes amenÃ©(e) Ã  : - Apporter votre expertise et votre expÃ©rience Ã  vos collÃ¨gues lors des phases de conception et dÃ©veloppement - Accompagner vos collÃ¨gues dans leur montÃ©e en compÃ©tence technique au sein du projet - DÃ©finir et implÃ©menter des solutions au sein d'un pÃ©rimÃ¨tre applicatif existant - Proposer des idÃ©es d'amÃ©lioration continue Ã  votre client et Ã  votre Ã©quipe (revue de procÃ©dures, mise en place de nouveaux outils dans le cadre de livraison, test ou qualimÃ©trie) - Concevoir et dÃ©velopper des sujets complexes. Environnement du projet : - MÃ©thodologie projet : Mode Agile (Scrum). Environnement technique : - Hdfs, hive, spark, oozie - Scala, HQL, Shell - GitLab, Nexus, Maven, Jenkins, Sonar Environnement fonctionnel : - Alimentation d'un DataLake jusqu'au build d'un moteur de calcul ; - Intervention sur la mise en place de rÃ¨gle relatives aux normes BÃ¢loise. Ce que nous vous proposons : - Un accord tÃ©lÃ©travail pour tÃ©lÃ©travailler jusqu'Ã  2 jours par semaine selon vos missions. - Un package avantages intÃ©ressants : une mutuelle, un CSE, des titres restaurants, un accord d'intÃ©ressement, des primes vacances et cooptation. - Un accompagnement individualisÃ© avec un mentor que vous choisissez. - Des opportunitÃ©s de carriÃ¨res multiples : plus de 50 mÃ©tiers, autant de passerelles Ã  imaginer ensemble. Plusieurs centaines de formations accessibles en toute autonomie depuis l'app mobile avec Sopra Steria Academy. - La possibilitÃ© de s'engager auprÃ¨s de notre fondation ou de notre partenaire Â« Vendredi Â». - L'opportunitÃ© de rejoindre le collectif Tech'Me UP (formations, confÃ©rences, veille, et bien plus encoreâ€¦). Votre profil : De formation Bac+5, vous avez au moins 5 ans d'expÃ©rience dans la data dont 3 ans en Big Data, notamment sur les technologies mentionnÃ©es ci-dessus. Vous aimez travailler en Ã©quipe, relever les dÃ©fis techniques, conseiller et apporter votre valeur ajoutÃ©e Ã  une Ã©quipe. Vous savez Ãªtre challengeant et leader envers le client et l'Ã©quipe de Dev en ce qui concerne l'amÃ©lioration continue (process de livraison, automatisation du testing/validation, maintenance des bonnes pratiques et performance des runs). Vous aimez vous tenir informÃ©(e) des nouveautÃ©s technologiques et Ãªtes Ã  la recherche d'Ã©volution de carriÃ¨re rÃ©elle basÃ©es sur l'expÃ©rience projet et l'acquisition de nouvelles compÃ©tences. Employeur inclusif et engagÃ©, Sopra Steria Å“uvre chaque jour pour lutter contre toute forme de discrimination et favoriser un environnement de travail respectueux. C'est pourquoi, attachÃ©s Ã  la mixitÃ© et Ã  la diversitÃ©, nous encourageons toutes les candidatures et tous les profils",,Bac +5 / Master,> 2000 salariÃ©s,> 5 ans,3,1,0.24806946917841696
16,73758,https://www.welcometothejungle.com/fr/companies/veolia/jobs/digital-factory-data-engineer-m-f_saint-maurice,Digital Factory - Data Engineer,Veolia,"{Athena,Lambda,observable,Python,Spark,AWS,Git,GitLab,NoSQL,Kinesis,R,Glue}",TÃ©lÃ©travail total possible,"Saint-Maurice, 94410","Environnement / DÃ©veloppement durable, BÃ¢timent / Travaux publics, Energie",CDI,2023-05-03,"Would you like to give meaning to your professional activity? Do you feel the need to be useful? Would you like to help the planet and work towards a better and more sustainable future? Do you have a â€œResourcerâ€ spirit? â€¦. At Veolia, 84% of employees and 92% of managers feel invested in their job*. Teams find meaning and purpose in their work in the water, energy or waste management. At Veolia, we recruit several hundred young graduates every year, from engineering or business schools and universities. They join us for either an internship, a work-study contract or their first job. We also offer them V.I.E. contracts (international voluntary programs in companies) through our dedicated Pangeo program. Through our Campus network, we also take on trainees, supporting them from CAP-level (certificate of professional aptitude) to a masterâ€™s degree. At Veolia, our 178,894 employees share a mission: resourcing the world. This is why we call them â€œResourcersâ€. We all work together towards Veoliaâ€™s ambition: to be the benchmark company for ecological transformation. Operating in 51 countries on five continents, with more than 178,894 employees , Veolia designs and implements solutions that contribute to sustainable development in cities and industries, in the fields of water, waste and energy management. Specialized in environmental services, Veolia is committed every day, on every continent, to improving access to resources , while preserving and replenish them. The Group ensures that international laws and treaties guaranteeing the human and social rights of all people are strictly observed, both within the company and by its stakeholders. These values and rules of conduct take the cultural diversity of the Group into account. In 2020, Veolia supplied 95 million people with drinking water and 62 million people with wastewater services, produced almost 43 million megawatt hours of energy and recovered 47 million metric tons of waste. We are looking for an experienced data engineer to join our team on this fantastic journey, working together to ensure that our customers get the best experience possible. We have a huge potential for analytics and machine learning, based on our IoT and enterprise data, which require solid data engineering. Your work will have very concrete outcomes and observable value. You will be fully integrated into the development team, which is organised in an Agile Scrum fashion, and with an excellent team spirit. You will: Design, develop, and test data pipeline infrastructures and database systems Collaborate with data analysts and data scientists to build and improve data models, algorithms and predictive models according to the businesâ€™s requirements Ensure that all current data infrastructures and processes meet industry standards Utilise cutting edge data engineering technologies and software Search for elements of the data collection and processing that need improvement, and improve them Implement systems to monitor data quality for optimised accuracy and clarity Design and implement scalable and high-performing solutions Collaborate with several other teams: Product and Business Development teams for HUBGRADE, Corporate IS&T teams (Data Lake, Cybersecurity, ERP, Networking, FinOps, â€¦), external Digital Partners. Continuously transfer knowledge to the Run&Support team Take part in L3 support Identify synergies between software components and improve efficiency of development and code maintenance Keep the product vision in mind while working on details Help to build flexible, future-proof solutions Continuously improve our agile development process, architecture, and engineering practices Mentor and coach less experienced engineers on the team The platform being very rich and diverse, you will have the opportunity to work on different areas and projects. Additional Information As an inclusive company, Veolia is committed to diversity and gives equal consideration to all applications, without discrimination. Education & Experience Bachelor's degree in Computer Science 5+ years of experience in software development or data-related fields (DWH, â€¦), with at least 2 years in pure data engineering / big data, using modern programming languages, frameworks, and technologies Experience working in an agile cross-functional team Technical skills Skilled with Git, Python or R, Big Data frameworks (especially Spark) Skilled with relational and NoSQL databases Skilled with data modelling and popular data viz tools Fully operational on public Cloud technologies, especially AWS and its managed services (Glue, Kinesis, Athena, Lambda, IoT Core, EventBridge, â€¦) Fully operational on Agile practice Familiar with event-driven architectures Familiar with automation and IaC tools (CI/CD, Terraform, AWS SAM) Familiar with enterprise tools, such as ServiceNow and GitLab Good understanding of IoT, Web development, Data Lake, and Machine Learning domains Soft skills Fluent in English and French Good communication skills Able to work in a multicultural environment Technology minded Able to quickly skill up on any technology or business topic Passion for quality Innovative state of mind",,Non spÃ©cifiÃ©,> 2000 salariÃ©s,Non spÃ©cifiÃ©,3,1,0.24806946917841696
2,73820,https://www.welcometothejungle.com/fr/companies/mp-data/jobs/developpeur-data-engineer-teletravail_MD_8DG8qmx,DÃ©veloppeur / Data Engineer - TÃ©lÃ©travail,MP DATA,"{Azure,Postgres,Airflow,GCP,MongoDB,Spark,AWS,Snowflake,Git,Java,SQL,Kafka,S3,Django,Hadoop,Python,GCS}",TÃ©lÃ©travail total possible,Boulogne-Billancourt,"Intelligence artificielle / Machine Learning, IT / Digital, Big Data",CDI,2023-05-03,"Bonjour ! MP DATA est une sociÃ©tÃ© spÃ©cialisÃ©e dans lâ€™acquisition, le traitement, et la valorisation des donnÃ©es. Depuis sa crÃ©ation en 2015, MP DATA accompagne ses clients, majoritairement industriels, dans le management de leur performance, lâ€™exploitation de leur donnÃ©es et leur dÃ©carbonation. Les collaborateurs, incarnent au quotidien les valeurs dâ€™Excellence, de Partage et dâ€™Engagement. Ils associent savoir-faire technique, mÃ©thodologie et passion et mettent leurs compÃ©tences au service de missions et projets au sein de grands groupes franÃ§ais. MP DATA accompagne ses clients sur toute la chaine de la donnÃ©e au travers de 3 pÃ´les dâ€™expertise : Conseil et StratÃ©gie, Infrastructure & CloudOPS, Data Science. Chez MP DATA, les Ã©quipes commerciales cherchent des missions en fonction des envies des collaborateurs et non pas lâ€™inverse. Les consultants sont accompagnÃ©s dans tous leurs projets, de la mobilitÃ© gÃ©ographique, au changement de secteur dâ€™activitÃ© en passant par le dÃ©veloppement de nouvelles compÃ©tences. Rejoindre MP DATA, câ€™est la garantie de travailler sur des sujets passionnants avec un cadre technique fort, et des possibilitÃ©s dâ€™Ã©volution intÃ©ressantes. MP DATA, recrute un dÃ©veloppeur , avec des affinitÃ©s pour le mÃ©tier de Data Engineer (ou un Data Engineer) afin de travailler pour un client, acteur majeur du secteur transport, le tout en tÃ©lÃ©travail. AccompagnÃ© par un Lead Data Engineer, vous monterez en compÃ©tences sur lâ€™utilisation de nombreuses technologies notamment AWS , Python , Snowflake , Spark , Airflow, Ansible. Vos missions seront les suivantes : Proposer des architectures et orienter le choix des technologies adaptÃ©es aux besoins de diffÃ©rents projets Data Concevoir et mettre en Å“uvre les traitements dâ€™alimentation du DataLake et de transformation des donnÃ©es CrÃ©ation de pipelines de donnÃ©es, traitement et transformation de la donnÃ©e. Garantir la qualitÃ© des donnÃ©es en mettant en place les outils de mesure et de suivi adÃ©quats Identifier, collecter, explorer, comprendre et intÃ©grer les donnÃ©es nÃ©cessaires Ã  la rÃ©solution de problÃ©matiques mÃ©tier et opÃ©rationnelles Assurer le suivi de la production De formation Bac+5 (ou plus) en dÃ©veloppement informatique / data engineering, vous justifiez dâ€™une premiÃ¨re expÃ©rience professionnelle au cours de laquelle vous avez pu dÃ©velopper les compÃ©tences techniques suivantes : Python Spark, Kafka, Hadoop Cloud : AWS (S3, Lambdas,â€¦) / GCP / Azure Technologies de stockage : Snowflake / GCS / Azure Blob SQL : Postgres / MongoDB Django / Flask CI/CD : Ansible / Git Terraform C/C++ / Java / Rust Alors venez grandir avec nous ! 1 entretien RH -> 1 entretien technique -> 1 entretien dans les locaux",,Bac +5 / Master,Entre 15 et 50 salariÃ©s,> 1 an,3,1,0.24806946917841696
7,73885,https://www.welcometothejungle.com/fr/companies/shippingbo/jobs/data-engineer-h-f_toulouse_FS_m93gNd1,Data Engineer,FACILECOMM (SHIPPINGBO),"{Airflow,PostgreSQL,Pandas,MongoDB,AWS,SQL,Redshift,R,Redis}",TÃ©lÃ©travail partiel possible,"3 Av. de l'Europe, Toulouse, 31400","Logiciels, SaaS / Cloud Services",CDI,2023-05-03,"Cher(e) candidat(e), Nous sommes ravis que le vent t'ait menÃ©(e) jusquâ€™Ã  cette annonce ! Peut-Ãªtre est-ce toi, le/la futur(e) Data Engineer que nous attendonsâ€¦ En tout cas, nous lâ€™espÃ©rons. Dans un premier temps, permets nous de nous prÃ©senter. Qui est Shippingbo ? La premiÃ¨re chose que tu dois te demander câ€™est â€œqui est Shippingboâ€ et câ€™est une trÃ¨s bonne question ! Shippingbo est une technologie logistique e-commerce, crÃ©Ã©e en 2016, qui permet aux vendeurs en ligne d'optimiser leur chaÃ®ne logistique. Notre ambition est de devenir une technologie logistique SaaS leader en Europe d'ici 3 ans. En 2022, nous avons expÃ©diÃ© plus de 10 millions de colis et 2 milliards d'euros de marchandises avec plus de 2000 entrepÃ´ts connectÃ©s. Notre Ã©quipe de plus de 100 collaborateurs est en pleine croissance et nous cherchons de nouveaux talents pour nous aider Ã  atteindre ces objectifs ! Shippingbo cherche aujourdâ€™hui Ã  dÃ©velopper les outils dâ€™analyse quâ€™elle met Ã  disposition de ses clients ainsi quâ€™Ã  dÃ©velopper de nouvelles fonctionnalitÃ©s se fondant sur lâ€™analyse des donnÃ©es. Nous recherchons un(e) IngÃ©nieur Data (H/F) avec une expÃ©rience solide en data engineering pour renforcer notre Ã©quipe data et contribuer Ã  la maintenance et au dÃ©veloppement de notre infrastructure de donnÃ©es. Aujourd'hui, notre Ã©quipe data est composÃ©e d'une seule personne et nous souhaitons l'agrandir pour rÃ©pondre aux besoins croissants. Nous recherchons spÃ©cifiquement un profil axÃ© sur lâ€™ingÃ©nierie des donnÃ©es et non sur la data science ou le machine learning. Vos missions principales consisteront Ã  : Construire et maintenir les entrepÃ´ts et pipelines de donnÃ©es ; Optimiser les requÃªtes SQL et la performance des pipelines ; Participer Ã  l'administration, la configuration et le paramÃ©trage des bases de donnÃ©es. Vous avez au moins une expÃ©rience significative en tant qu'ingÃ©nieur data, avec une expertise en maintenance de pipelines de donnÃ©es ; Vous avez une connaissance approfondie de SQL , de lâ€™optimisation de requÃªtes et des entrepÃ´ts de donnÃ©es ; Vous avez une expÃ©rience avec au moins une base de donnÃ©e orientÃ©e colonnes ; IdÃ©alement vous avez Ã©galement une expÃ©rience avec une base de donnÃ©e orientÃ©e documents et une base de donnÃ©e clÃ©-valeur. CompÃ©tences et qualitÃ©s personnelles pour ce poste : FacilitÃ© Ã  travailler en Ã©quipe et aptitude Ã  entretenir de bonnes relations de travail ; CapacitÃ© d'adaptation aux nouvelles technologies et mÃ©thodes de travail ; Force de proposition et esprit d'initiative pour amÃ©liorer les processus et les outils en place ; CapacitÃ© Ã  communiquer de maniÃ¨re directe, honnÃªte et bienveillante. Stack technique : PostgreSQL AWS Redshift MongoDB Redis Airflow Pandas Et vous, que pouvez-vous attendre de nous ? IntÃ©grer une Ã©quipe dynamique, en pleine croissance et avoir un impact significatif sur la rÃ©ussite de notre entreprise ; Participer Ã  un projet ambitieux et contribuer au succÃ¨s de notre entreprise en Europe ; Une formation continue pour te permettre dâ€™approfondir tes compÃ©tences ; Une Ã©quipe jeune, dynamique et soudÃ©e ; Une bonne ambiance et un cadre de travail sympa ; Des afterworks ; De la bonne humeur ! Autres Informations : Type de contrat : CDI Lieu : 31400 Toulouse (Parking et accessible en mÃ©tro, arrÃªt Ramonville) RattachÃ© au dÃ©partement R&D de l'entreprise Mise Ã  disposition dâ€™outils informatiques Tickets restaurant >>> Venez dÃ©couvrir Shippingbo et les applications client : https://www.youtube.com/watch?v=MPSikIskB1Y La diversitÃ© occupe une place importante dans notre groupement, nous nous engageons, notamment en favorisant l'Ã©galitÃ© professionnelle et l'emploi des travailleurs en situation de handicap. A compÃ©tences Ã©quivalentes, ce poste est ouvert Ã  tous.",,Non spÃ©cifiÃ©,Entre 50 et 250 salariÃ©s,Non spÃ©cifiÃ©,2,1,0.18605210188381271
1,73803,https://www.welcometothejungle.com/fr/companies/visian/jobs/data-engineer_levallois-perret,Data Engineer,Visian,"{Beam,Keras,NiFi,Tensorflow,Spark,Kafka,NoSQL,Hadoop,MXNet}",TÃ©lÃ©travail partiel possible,"22, Rue du PrÃ©sident Wilson, Levallois-Perret, 92300","Intelligence artificielle / Machine Learning, IT / Digital, StratÃ©gie",CDI,2023-05-03,"De la dÃ©finition dâ€™une roadmap digitale au lancement de produits et services innovants, Visian concrÃ©tise les ambitions de ses clients en veillant Ã  intÃ©grer durabilitÃ© et sobriÃ©tÃ© numÃ©rique. Visian est spÃ©cialisÃ© dans lâ€™innovation, le product design et la data. Ses consultants technophiles allient comprÃ©hension des enjeux digitaux et vision produit. Visian, cabinet de conseil spÃ©cialisÃ© en Innovation, Design Produit, et Data, recherche pour son client, grand acteur du secteur de lâ€™Ã©nergie, un Data Engineer pour rejoindre ses Ã©quipes sur un projet innovant. Contexte: La mission se dÃ©roule au sein de lâ€™entitÃ© responsable du dÃ©veloppement de mÃ©thodologies et dâ€™outils dâ€™IA/dâ€™apprentissage automatique pour des solutions intelligentes et basÃ©es sur les donnÃ©es qui prennent en charge des modÃ¨les commerciaux nouveaux et innovants pour les chaÃ®nes de valeur existantes et futures. Lâ€™ingÃ©nieur sera responsable de lâ€™expansion et de lâ€™optimisation de lâ€™architecture dâ€™IA, en mettant des modÃ¨les dâ€™apprentissage automatique. Il agira en soutien des dÃ©veloppeurs de logiciels, architectes de bases de donnÃ©es, Data Analyst, et Data Scientist pour garantir lâ€™architecture de prestation de services dâ€™IA optimale Missions : DÃ©velopper et maintenir un systÃ¨me de traitement de donnÃ©es Ã  grande Ã©chelle DÃ©ployer des modÃ¨les ML (fournis par des scientifiques des donnÃ©es) Sâ€™assurer que les pipelines ETL construites prendront en charge les flux de donnÃ©es Ã  volume Ã©levÃ© DÃ©tecter les opportunitÃ©s dâ€™acquisition, de stockage et dâ€™interrogation de donnÃ©es de maniÃ¨re performante Utiliser une variÃ©tÃ© de langages et dâ€™outils (sensibilisation aux donnÃ©es opensource apache/ML cadres connexes est une compÃ©tence indispensable) Comprendre, personnaliser et maintenir des projets open source et contribuer au dÃ©veloppement de nouveaux cadres Toute sÃ©nioritÃ© en tant que Data Engineer sur des sujets dâ€™IA Pratiques des Outils BIG DATA: Hadoop, Spark, Kafka, NoSQL, NiFi, Beam, Zookeeper,etcâ€¦ Savoir Construire des pipelines ETL de donnÃ©es Ã©volutifs et tolÃ©rants aux pannes basÃ©es sur les technologies du Big Data ExpÃ©riences en implÃ©mentation dâ€™infÃ©rences basÃ©es sur des modÃ¨les dâ€™apprentissage profond avec des frameworks comme Apache MXNet, Tensorflow, Keras etc Mise en production des modÃ¨les ML suite Ã  MLOps ExpÃ©riences avec les langages de programmation orientÃ©s objet ComprÃ©hension du web sÃ©mantique / des DonnÃ©es liÃ©es Approches agiles (SCRUM, SAFE) ExpÃ©riences de soutien et de travail avec des Ã©quipes interfonctionnelles dans un environnement dynamique Anglais courant 1 Ã©change tÃ©lÃ©phonique (30min) 1 test technique (40min) 1 Ã©change avec notre directeur commercial Yohan (30min) 1 Ã©change dans nos bureaux avec la direction et un consultant tech sÃ©nior (30min)",,Non spÃ©cifiÃ©,Entre 15 et 50 salariÃ©s,Non spÃ©cifiÃ©,2,1,0.18605210188381271
9,73934,https://www.welcometothejungle.com/fr/companies/the-product-crew/jobs/data-engineer_paris_TPC_KbxzMk8,Data Engineer,The Product Crew,{scale},TÃ©lÃ©travail partiel possible,"11 Rue Greneta, Paris, 75003",Recrutement,CDI,2023-05-03,"Chez The Product Crew, ils cherchent Ã  inventer le Futur du recrutement. Ils animent pour cela une communautÃ© de membres sÃ©lectionnÃ©s pour leur talent en Product, Design, Data et Tech, avec pour vocation de leur apporter du soutien tout au long de leur vie professionnelle. Leur mission est dâ€™aider les membres de cette communautÃ© Ã  libÃ©rer leur potentiel. Mais Ã©galement de permettre aux entreprises de construire et commercialiser les plus meilleurs produits technologiques. Pour cela, ils organisent du partage de connaissance (webinars, ateliers, meetups, masterclass, contenus exclusifsâ€¦) et des sessions intensives de recrutement en ligne. Fort dâ€™une communautÃ© de plus de 7500 talents et de plus de 400 entreprises technologiques partenaires; The Product Crew sâ€™adresse spÃ©cifiquement aux mÃ©tiers du Product, du Design, de la Data et de la Tech. Nous travaillons avec +400 startups et scale ups de la scÃ¨ne tech franÃ§aise et europÃ©enne, Ã  la recherche de Data Engineers expÃ©rimentÃ©s de ConfirmÃ©s Ã  C-Level : Heetch, Scaleway, Skello, Blablacar, Sendinblue, Mirakl, Partoo, Frichti, Swan, Jellysmack, MangoPay, Coinhouse â€¦ mais aussi les startups dâ€™eFounders comme Collective Work, Numeral, ou Folkâ€¦ et bien dâ€™autres. Nous dÃ©veloppons une communautÃ© de hauts talents avec pour vocation dâ€™apporter du soutien Ã  leur carriÃ¨re tout au long de leur vie professionnelle. Ã‰vÃ©nements, ressources, sessions de recrutementâ€¦ ğŸ¤œ DÃ©croche ton prochain rÃ´le de Data Engineers avec lâ€™aide de la communautÃ© The Product Crew ğŸ¤› Comme chaque 1er du mois, nous lanÃ§ons une nouvelle session de recrutement. Les inscriptions sont ouvertes pour quelques jours seulement : Tu as la possibilitÃ© de rendre ton profil visible auprÃ¨s de nos startups partenaires, Celles qui sont intÃ©ressÃ©es rentrent directement en contact avec toi, Nous tâ€™accompagnons tout au long du process. On sera ravis de tâ€™accompagner ton prochain objectif ğŸš€ Lâ€™inscription prend 5min. Pas besoin de CV, et câ€™est 100% gratuit ğŸ˜Š Voici le lien pour tâ€™inscrire ğŸ‘‰ https://bit.ly/jobs-wttj En tâ€™inscrivant 1 seule fois, tu pourras dÃ©crocher : ğŸ’ Des mises en relations directes avec les Ã©quipes de ces startups ğŸ’ Jusquâ€™Ã  10 opportunitÃ©s concrÃ¨tes en quelques jours ğŸ’ Que des Ã©quipes qui ont flashÃ© sur ton profil âš¡ï¸ Tu peux postuler pour devenir membre de The Product Crew et participer Ã  cette session de recrutement (ou Ã  une prochaine). Lâ€™inscription prend 5min. Pas besoin de CV ğŸ˜Š En prenant ton cafÃ© â˜•ï¸ Inscription ici ğŸ‘‰ https://bit.ly/jobs-wttj",,Non spÃ©cifiÃ©,< 15 salariÃ©s,Non spÃ©cifiÃ©,2,1,0.18605210188381271
6,73826,https://www.welcometothejungle.com/fr/companies/iceberg/jobs/data-scientist-data-engineer_paris,Data Scientist/Data Engineer,Iceberg Data Lab,"{Ruby,Celery,ElasticSearch,Langchain,Pandas,Spark,Git,SQL,Streamlit,Iceberg,Python,Docker}",TÃ©lÃ©travail partiel possible,"48, Boulevard des Batignolles, Paris, 75017",FinTech / InsurTech,Alternance,2023-05-03,"Get your resume ready, because you can help an innovative start-up accelerating the transition to a more Sustainable world ! Iceberg Data Lab is a Fintech developing data solutions to help financial institutions assessing their environmental impact with a strong focus on biodiversity, climate, and pollution prevention and control. Faced with growing demand from regulators and stakeholders and mounting environmental risks, Financial institutions need reliable data solutions. We help them (1) measuring their environmental impact and (2) aligning it to their ESG goals. To have the most relevant environmental scores, we need a rich database, relying of multiple sources (relying on a single source is risky), a efficient impact computation (mostly the 2Â° aligment and the biodiversity impact) and frequent deep analyses on the quality of our scoring. Among the ~30 companies employees, the data science team (4 people) is part of the IT team (10 people) and is looking for an apprentice to: Improve our data pipelines (we fetch financial and ecological data from different sources). The cleanest the data we fetch, the better is our final coverage of companies worldwide. Search and collect new data sources (GHG emissions from companies, assets, tons of products produced, consumed, companies facilities, etc. Leverage on Large Language Models (ChatGPT like) API and Langchain framework to improve our semi-structured data parser (like ESG reports) Automatically detect discrepancies between the default model and all refinements brought by our analysts. Benchmark our scores against academic environmental papers and competitors Minimum: Data Science, data analysis, data engineering, Python, Pandas, SQL, Git, interest in environmental issues. Optional: Machine Learning, Docker, Langchain, FastAPI, ElasticSearch, Streamlit, Spark, Kubertnetes, Celery, , Ruby, Financial or ecological knowledge. 20 min call, then 1H30 technical interview.",,Bac +4,< 15 salariÃ©s,Non spÃ©cifiÃ©,2,1,0.18605210188381271
4,73833,https://www.welcometothejungle.com/fr/companies/woop/jobs/data-modeler,Data Engineer,Woop,"{Bigquery,BigQuery,Mage,couchbase,postgreSQL,GCP,PostgreSQL,Python,Java,MongoDB,Couchbase,SQL,dbt,NoSQL,DBT}",TÃ©lÃ©travail partiel possible,Lille,"Grande distribution, Logistique, SaaS / Cloud Services",CDI,2023-05-03,"âœ¨ Il Ã©tait une fois Woopâ€¦ CrÃ©Ã©e en 2018, Woop est une startup qui met le Commerce en mouvement ! Notre plateforme SaaS connecte les marques omnicanales aux meilleurs transporteurs pour offrir une expÃ©rience de livraison exceptionnelle et responsable Ã  leurs clients. ğŸŒ±Mapotempo, Ã©diteur de solutions complÃ¨tes de gestion de tournÃ©es, rejoint en 2022 lâ€™Ã©quipe Woop afin de crÃ©er ensemble un Delivery Management System unifiÃ©. Woop, câ€™est aussi et surtout : ğŸ«¶Une Ã©quipe de plus 120 Moopistes enthousiastes et engagÃ©s, rÃ©partis sur 3 sites Ã  Lille, Bordeaux et Pau. ğŸ“¦Une start-up en pleine croissance qui intervient sur le sujet de la livraison du dernier kilomÃ¨tre, au cÅ“ur des sujets de la ville de demain. ğŸ’› Pourquoi coder chez Woop ..? Un projet au coeur de la ville de demain, Ã  fort impact environnemental & sociÃ©tal La confiance et les responsabilitÃ©s au sein dâ€™une start-up adossÃ©e Ã  un grand groupe VariÃ©tÃ© des produits, technos Ã  la pointe et des experts Devops aux petits soins ! ğŸ‘¥ Ton Ã©quipe Aujourdâ€™hui lâ€™Ã©quipe technique WOOP est composÃ©e de : 1 CTO 1 Lead Engineer 1 Architecte Urbaniste 2 Release Manager 2 Lead & 11 Back-end Developer 3 Front-end Developer 1 Lead & 3 Mobile Developers 1 Lead QA et 3 QA Ton manager sera Haithem Souala . Il a pu dÃ©marrer sa carriÃ¨re en tant que dÃ©veloppeur Java, avant de passer ingÃ©nieur devops puis head of data. Il a rÃ©cemment rÃ©digÃ© cet article sur Medium, expliquant comment on a intÃ©grÃ© Mage.AI pour la rÃ©plication de nos data couchbase vers BigQuery. Tu auras lâ€™occasion de travailler Ã©galement avec Antoine, notre expert BI, qui a surtout travaillÃ© sur des problÃ©matiques de geomarketing avant de rejoindre Woop. ğŸ’¼ Tes missions Lâ€™Ã©quipe data sâ€™agrandit et recherche un data modeler qui participera Ã  la conception et au dÃ©veloppement de nos modÃ¨les de donnÃ©es, pour reprÃ©senter les informations de maniÃ¨re structurÃ©e et hiÃ©rarchisÃ©e, en tenant compte des besoins des utilisateurs finaux. Le but est de pouvoir offrir Ã  nos clients des outils dâ€™analytics et des dashboards pour quâ€™il puissent avoir une visibilitÃ© sur des donnÃ©es comme les ordres de transport, les paiements, ou le suivi des Ã©missions de CO2. Au niveau de la roadmap, on en est au dÃ©but du projet. Lâ€™objectif pour les 6 prochains mois sera de modÃ©liser la data, pour transformer notre data brute en un data warehouse clair avec des patterns identifiÃ©s. Par la suite, les missions Ã©volueront vers plus de BI (notamment pour les dashboards), et Ã  long terme, de machine learning. Plus de prÃ©cisions sur le poste : Exploration de donnÃ©es : Examiner les donnÃ©es pour en comprendre les tendances, les modÃ¨les et les relations entre les variables. Analyse des donnÃ©es : Utiliser des techniques statistiques et des algorithmes dâ€™apprentissage automatique pour analyser les donnÃ©es et en extraire des informations significatives. Communication des rÃ©sultats : PrÃ©senter les rÃ©sultats de lâ€™analyse aux parties prenantes et expliquer les implications pour les dÃ©cisions mÃ©tier. Collaboration avec les Ã©quipes interfonctionnelles : Travailler en Ã©troite collaboration avec les Ã©quipes mÃ©tier, IT et autres pour assurer la comprÃ©hension et lâ€™utilisation des informations. Optimisation des performances : AmÃ©liorer la performance des modÃ¨les de donnÃ©es et des analyses en ajustant les paramÃ¨tres et en mettant en Å“uvre de nouvelles techniques. Veille technologique : Se tenir informÃ© des derniÃ¨res tendances et technologies dans le domaine de la modÃ©lisation et de lâ€™analyse des donnÃ©es, afin de continuellement amÃ©liorer les mÃ©thodes et les outils utilisÃ©s. Documentation : RÃ©diger et maintenir la documentation relative aux modÃ¨les de donnÃ©es, aux processus dâ€™analyse et aux rÃ©sultats obtenus. Formation des utilisateurs : Former les utilisateurs finaux et les parties prenantes sur la maniÃ¨re dâ€™utiliser et dâ€™interprÃ©ter les rÃ©sultats des analyses de donnÃ©es. Pour ce qui est de notre stack, on utilise postgreSQL pour nos bases de donnÃ©es SQL. Concernant nos bases de donnÃ©es NoSQL, on est sur MongoDB et Couchbase. Aussi, pour la rÃ©cupÃ©ration de donnÃ©es dâ€™applications tierces, on ira les chercher aussi bien sur Jira ou Hubspot. Enfin, cÃ´tÃ© cloud, on utilise la suite GCP et notamment son Data Warehouse Bigquery. Surtout, sur la phase de modÃ©lisation, on est amenÃ© Ã  travailler avec dbt pour modÃ©liser la donnÃ©e brute. Si jamais tu ne te sens pas Ã  lâ€™aise avec lâ€™outil, on peut prendre le temps de te former dessus durant quelques semaines (surtout si tu as bonnes bases sur les bases de donnÃ©es SQL)! Tu lâ€™as compris, nous faisons face Ã  de multiples projets build stratÃ©giques. Pour rÃ©ussir Ã  nos cÃ´tÃ©s dans cette mission, il te faudra connaÃ®tre: La modÃ©lisation des donnÃ©es avec DBT: Tu as des connaissances des concepts et techniques de modÃ©lisation de donnÃ©es, comme les modÃ¨les relationnels, les modÃ¨les en Ã©toile et OBT Les bases de donnÃ©es : Tu as des connaissance approfondies des systÃ¨mes de gestion de bases de donnÃ©es: BigQuery, PostgreSQL, MongoDB Les langages de programmation : Tu as des connaissances de langages de programmation comme Python Pour ce qui est de lâ€™expÃ©rience, nous sommes ouverts aux personnes ayant eu un premier rÃ´le similaire. Plus que le nombre dâ€™annÃ©es sur le rÃ´le, ce qui importe ici, est surtout le fait de comprendre les problÃ©matiques liÃ©es Ã  la modÃ©lisation de donnÃ©es, et de faire une veille constante sur le sujet. Aussi, pour rÃ©ussir sur ce poste, il sera important de faire preuve dâ€™autonomie, de force de proposition et dâ€™audace. â­ï¸ Letâ€™sâ€™ Woopit ! Poste en CDI RÃ©munÃ©ration Ã  dÃ©finir selon expÃ©rience 3 bureaux en France pour rencontrer tes collÃ¨gues : Lille, Pau et Bordeaux 11 RTT/an Flex office avec 3 jours en remote par semaine Assurance santÃ© prise en charge Ã  60 % Formations Soft & Hard Skills Hackathons & petits dÃ©jeuners tech hebdomadaires Team buildings rÃ©guliers Un rÃ´le clÃ© dans une start-up en pleine croissance ! PrÃ©-qualification (visio de 30 mns) avec Boubou, notre Talent Acquisition Specialist, pour se prÃ©senter Entretien technique avec Haithem, notre Head of Data Entretien avec FranÃ§ois, notre CTO Dernier Ã©change avec Perrine ou Boubou, membres de lâ€™Ã©quipe Talent Acquisition pour parler de Woop, notre vision et nos valeurs Nous sommes engagÃ©s en faveur de lâ€™intÃ©gration des femmes dans la tech Dans le livre The Confidence Code* , les autrices ont dÃ©montrÃ© que les femmes ne postulent Ã  un emploi que si elles correspondent Ã  100 % aux exigences de lâ€™offre. Les hommes, quant Ã  eux, envoient leur candidature sâ€™ils remplissent 60 % des critÃ¨res. Saches quâ€™ici, il nâ€™est pas forcÃ©ment nÃ©cessaire de maÃ®triser Ã  100% les missions mentionnÃ©es sur lâ€™offre. On met aussi lâ€™accent sur la montÃ©e en compÃ©tences, et si ce poste tâ€™intÃ©resse, nâ€™hÃ©sites pas Ã  postuler! *The Confidence Code, Claire Schipman & Katty Kay, 2014",,Non spÃ©cifiÃ©,Entre 50 et 250 salariÃ©s,Non spÃ©cifiÃ©,2,1,0.18605210188381271
14,73729,https://www.welcometothejungle.com/fr/companies/descartes-mauss/jobs/data-engineer_paris,Data engineer,Descartes & Mauss,"{GCP,scale,SQL,Spark}",TÃ©lÃ©travail partiel possible,"Paris, 75001","Intelligence artificielle / Machine Learning, Digital Marketing / Data Marketing, StratÃ©gie",CDI,2023-05-03,"Want to help predict the future? Our platform uses leading edge A.I. to help some of the worldâ€™s biggest brands identify the future trends that will shape their industry five years from now. By combining advanced data modelling, machine learning, and generative AI with intuitive user centric design, our products help organizations develop better, more resilient long term strategies with the detail needed to make them happen. We are looking for an experienced, highly motivated, entrepreneurial and dedicated data engineer, who ensures technical excellence and quality assurance is embedded into everything they do Responsibilities: Design, implement and maintain scalable data pipelines, databases and Lakehouses Work with cross-functional teams to optimize data flow and collection Develop and maintain database systems Ensure data quality and accuracy Troubleshoot and debug data pipeline, database and Lakehouse issues Manage data security Stay up to date with new technologies and suggest improvements to existing systems Bachelorâ€™s or Masterâ€™s degree in Computer Science, Data Science, or a related field 3+ years of experience in data engineering Proficient in SQL and experience with database development and management Experience with large-scale data processing tools such as Apache Spark Experience with cloud computing services such as GCP Strong problem-solving and troubleshooting skills Excellent communication and collaboration skills Ability to work independently and in a team environment What we offer: Flexible working arrangements: A flexible hybrid approach to work. Work from home (or wherever you do your best work) up to 3 days per week. 2 days per week in the office with colleagues (depending on your location). Access to WeWork offices worldwide. An international, diverse, and inclusive work environment: join a team that already boasts 12 nationalities and counting. Regular team building activities Company-wide events locally and abroad (our last was in Copenhagen). Continuous learning and development: A culture that supports career growth and well-being, guided by mentors, managers, and peers. Access to annual training and development resources. Collaborate with world-renowned AI experts from institutions like Carnegie Mellon, MIT, and Franceâ€™s Ã‰cole Polytechnique, who serve as advisors for the product youâ€™ll be working on and are at the forefront of shaping AIâ€™s future.",,Non spÃ©cifiÃ©,Entre 15 et 50 salariÃ©s,Non spÃ©cifiÃ©,2,1,0.18605210188381271
8,73870,https://www.welcometothejungle.com/fr/companies/groupe-ingena/jobs/data-engineer-h-f_paris,Data Engineer,Groupe Ingena,"{Scala,HDFS,HBase,Azure,MapR,Hive,GCP,Java,AWS,Git,durable,Jenkins,Kubernetes,NoSQL,Hadoop,Python,SPARK,Docker}",TÃ©lÃ©travail partiel possible,"140 bis Rue de Rennes, Paris, 75006",IT / Digital,CDI,2023-05-03,"Le groupe INGENA promeut la transition numÃ©rique en Ã©tant acteur dâ€™un monde souhaitable. Le Groupe INGENA est spÃ©cialisÃ© en Conseil MÃ©tier et en IntÃ©gration pour les marchÃ©s de lâ€™Assurance, de la Banque et de la Finance. Il intervient notamment sur les projets associÃ©s Ã  la Data, aux Risques et Ã  la Distribution. DRiMS est son entitÃ© spÃ©cialisÃ©e en Finance de MarchÃ©. INGENA Assurance adresse les mÃ©tiers de lâ€™Assurance et de la PrÃ©voyance. Son effort constant dâ€™innovation et de veille mÃ©tier, et son rÃ©seau de partenaires Ã©diteurs, lui permettent dâ€™accompagner proactivement les besoins de ses clients. Le groupe INGENA revendique une conception humaniste de la relation. Lâ€™Homme, ses valeurs fondamentales, ses savoir-faire et son savoir-Ãªtre sont les vecteurs fondamentaux de la relation. Les processus, les outils et la technologie sont au service de cette relation. Les valeurs humaines qui fondent leur entreprise, ENGAGEMENT, INTEGRITE, BIENVEILLANCE les inscrivent durablement sur un temps long. La mise en pratique du monde souhaitable au sein du groupe INGENA, câ€™est une entreprise Ã©co-responsable, Ã©thique, inclusive, sociale, soucieuse du bien-Ãªtre, de lâ€™Ã©volution et de lâ€™Ã©panouissement de ses Ã©quipes. Ce sont aussi des offres pour un monde durable comme la maÃ®trise des risques ou lâ€™ESG. Dans un esprit convivial et engagÃ©, les dirigeants dâ€™INGENA font en sorte que chacun puisse Ãªtre acteur de lâ€™INGENA souhaitable. Votre mission : Â· Concevoir, dÃ©velopper et tester des algorithmes de collecte et de traitement de gros volumes de donnÃ©es sous Scala, Python ou Java Â· Automatiser et optimiser les flux de donnÃ©es et leurs visualisations en dashboards Â· Industrialiser les traitements, la qualitÃ© et lâ€™intÃ©gritÃ© des donnÃ©es Â· Participer Ã  la ModÃ©lisation et Ã  la Gouvernance des donnÃ©es (process, normalisation, rÃ©fÃ©rentiel,â€¦) Â· Contribuer Ã  la scalabilitÃ©, la sÃ©curitÃ©, la stabilitÃ© et la disponibilitÃ© des donnÃ©es de la plateforme Â· Analyser les donnÃ©es pour rÃ©pondre aux questions mÃ©tiers et participer Ã  lâ€™Ã©volution de lâ€™architecture Big Data Â· Concevoir, DÃ©velopper et Industrialiser des modÃ¨les de Machine Learning, Deep Learning, en collaboration avec les Data Scientists Â· Appliquer une dÃ©marche CI/CD (Git, Jira, Jenkins) Â· ExpÃ©rience de 5 ans minimum en dÃ©veloppements Scala, Python ou Java Â· ExpÃ©rience de 2 ans minimum sur SPARK et sur le traitement des flux en streaming Â· Expertise sur Hadoop (Hive, HBase, HDFS) sous distributions MapR ou Hortonworks Â· ExpÃ©rience souhaitÃ©e sur ELK, Terraform, NoSQL,â€¦ Â· Fort background en ModÃ©lisation de donnÃ©es ou ETL Â· MaÃ®trise des briques analytiques des clouds AWS, GCP ou Azure Â· Sensibilisation Ã  la dÃ©marche CI/CD tools (Git, Jenkins) Â· La connaissance de Docker, Kubernetes et Ansible est un plus Â· Mise en Å“uvre des mÃ©thodes Agile (Scrum, Kanban,â€¦) Â· Anglais souhaitÃ©",,Non spÃ©cifiÃ©,Entre 50 et 250 salariÃ©s,Non spÃ©cifiÃ©,2,1,0.18605210188381271
3,73783,https://www.welcometothejungle.com/fr/companies/pix/jobs/data-engineer-data-analyst-h-f_paris-19,Data Engineer/Data Analyst (h/f),Pix,"{Scala,Tableau,Pandas,Unix,Metabase,Spark,Git,via,SQL,Linux,NoSQL,QlikView,Python,docker}",TÃ©lÃ©travail ponctuel autorisÃ©,"Paris 19, 75019","IT / Digital, Formation",CDI,2023-05-03,"Chez Pix, nous travaillons pour permettre Ã  chaque citoyen de mesurer, dâ€™amÃ©liorer et de valoriser tout au long de sa vie son niveau de maÃ®trise des usages numÃ©riques. Comment ? En dÃ©veloppant une plateforme en ligne gratuite adaptÃ©e Ã  tous les niveaux pour sâ€™auto-Ã©valuer et progresser dans 5 grands domaines du numÃ©rique, En proposant une expÃ©rience ludique via des questions-dÃ©fis apprenants et des activitÃ©s interactives axÃ©es sur la pratique, En valorisant les acquis via le passage de la Certification Pix, reconnue par lâ€™Etat et le monde professionnel, En outillant les acteurs de lâ€™enseignement, de la formation professionnelle, de lâ€™insertion et de la mÃ©diation numÃ©rique, en France et Ã  lâ€™international. Aujourdâ€™hui, Pix câ€™est : ğŸ’» PrÃ¨s de 75 000 usagers chaque jour ğŸ¤ 6 millions dâ€™utilisateurs par an ğŸ† 2.7 millions de Certification Pix passÃ©es ğŸŒ UtilisÃ© dans 18 pays Avec plus de 240 millions de rÃ©ponses apportÃ©es par 3,5 millions dâ€™utilisateurs, Pix accueille et traite de grandes quantitÃ©s de donnÃ©es. Leur analyse est au cÅ“ur de notre activitÃ© et apporte des informations prÃ©cieuses, que ce soit pour identifier le niveau de maÃ®trise des utilisateurs, leur suggÃ©rer des actions de formation pertinentes, piloter le dÃ©ploiement des usages, amÃ©liorer la qualitÃ© des services, ou encore contribuer Ã  la production de statistiques publiques. Vous savez manipuler de grandes quantitÃ©s de donnÃ©es et mettre en place les architectures pour le faire facilement ? Vous connaissez les diffÃ©rents types de SGBD, que ce soit SQL, NoSQL ou clÃ©/valeur ? Vous aimez travailler en lien avec des partenaires variÃ©s, en interne comme en externe ? Alors Pix vous ouvre grand ses portes ! Le ou la Data Engineer sera rattachÃ©(e) au pÃ´le dÃ©veloppement de Pix, en collaboration Ã©troite avec le pÃ´le Produit. Les missions : 1. Concevoir et mettre en place des architecture et des plateformes permettant lâ€™Ã©tude et la valorisation de nos donnÃ©es Pour traiter les volumes importants de donnÃ©es au sein de Pix, nous avons besoin de maintenir mais aussi de mettre en place nos architectures de donnÃ©es et des plateformes pour les utiliser. Vous serez notamment en charge de : DÃ©finir, avec le mÃ©tier ou lâ€™Ã©quipe de dÃ©veloppement, les besoins en termes de data Proposer et valider des choix architecturaux Mettre en place les architectures choisies DÃ©velopper des pipelines pour une bonne circulation des donnÃ©es et pour assurer leur fiabilitÃ© 2. Maintenir les architectures et bases de donnÃ©es mises en places Garantir le bon fonctionnement, la disponibilitÃ© et la performance des diffÃ©rentes bases de donnÃ©es et outils utilisÃ©s pour lâ€™analyse de donnÃ©es Proposer et valider des choix architecturaux Mettre en place les architectures 3. Travailler avec lâ€™Ã©quipe data mais aussi avec lâ€™Ã©quipe de dÃ©veloppement pour amÃ©liorer globalement les pratiques Vous serez amenÃ© Ã  travailler avec lâ€™Ã©quipe de dÃ©veloppement produit, et dans ce cadre Ã  : Aider dans les choix data de lâ€™Ã©quipe de dÃ©veloppement produit Contribuer Ã  optimiser notre architecture et nos bases de donnÃ©es Participer aux ateliers de partage et de rÃ©flexion sur des problÃ©matiques techniques de la plateforme Data Contribuer Ã  la mise en place dâ€™algorithmes de machine learning Avantages TÃ©lÃ©travail partiel possible 2 Ã  3 jours par semaine en fonction du rythme de lâ€™Ã©quipe 20 RTT par an titres restaurant prime de fin dâ€™annÃ©e, prime tÃ©lÃ©travail, prime dâ€™Ã©quipement. Conditions Type dâ€™emploi : CDI ou mise Ã  disposition pour les agents de la fonction publique Chez Pix, nous veillons Ã  lâ€™Ã©quilibre de lâ€™Ã©quipe et le bien-Ãªtre des personnes qui la composent. Cette conviction nous pousse Ã  chercher un profil avec les qualitÃ©s humaines et opÃ©rationnelles suivantes : DiplÃ´me et expÃ©rience Vous Ãªtes diplÃ´mÃ©(e) au minimum d'un Bac + 5 et vous avez minimum 3 annÃ©es dâ€™expÃ©rience sur un poste similaire. Vous avez une expÃ©rience dans la conception, l'implÃ©mentation et l'automatisation de pipelines de donnÃ©es Savoir-faire et savoir-Ãªtre - CuriositÃ©, dynamisme, force de proposition - Autonomie et grande rigueur - CapacitÃ©s dâ€™Ã©coute, bon relationnel (savoir sâ€™adapter Ã  son interlocuteur) et qualitÃ©s de communication - CapacitÃ©s Ã  travailler en Ã©quipe et Ã  mener des activitÃ©s de faÃ§on collaborative - Envie de partager les connaissances Connaissances et compÃ©tences - La maÃ®trise dâ€™un framework: Spark, Pandas ... - La maÃ®trise du SQL - Une bonne connaissance de Git et des outils dâ€™intÃ©gration et de dÃ©ploiement continue : crÃ©ation de CI/CD, docker, etc.. - MaÃ®trise des langages de programmations : Scala, Python. Le JS serait un plus- Connaissances des systÃ¨mes dâ€™exploitation : Unix, Linux - Connaissances des bases de donnÃ©es PGSQL, etc ... - Savoir consolider les donnÃ©es, produire des KPI et avoir des notions de conception de tableaux de bord Ã  lâ€™aide dâ€™outils de data visualisation tels que Metabase, Excel Power BI, Tableau Software, ou encore QlikView- Avoir des connaissances basiques sur le Machine Learning, et la Data science afin de pouvoir travailler en collaboration avec lâ€™Ã©quipe Data et lâ€™Ã©quipe de dÃ©veloppeurs. Candidater chez Pix, câ€™est vouloir intÃ©grer une structure innovante, comportant une diversitÃ© de profils issus des domaines de la tech, du secteur public et privÃ©. Câ€™est aussi vouloir Ã©voluer auprÃ¨s de collÃ¨gues engagÃ©s, qui souhaitent avoir un impact sur la sociÃ©tÃ© en mettant leurs compÃ©tences au service dâ€™un projet dâ€™utilitÃ© sociale dâ€™envergure nationale et internationale. Si un bon CV est toujours agrÃ©able Ã  lire, nous pensons quâ€™une bonne histoire bien racontÃ©e (avec son lot de projets et dâ€™expÃ©riences, rÃ©ussites ou Ã©checs) est encore plus intÃ©ressante Ã  dÃ©couvrir. Pour rejoindre un service public en pleine expansion, envoyez-nous votre candidature !",,Non spÃ©cifiÃ©,Entre 50 et 250 salariÃ©s,Non spÃ©cifiÃ©,1,1,0.12403473458920848
5,73765,https://www.welcometothejungle.com/fr/companies/amazon-web-services/jobs/data-center-project-engineer-mechanical_courbevoie,Data Center Project Engineer - Mechanical,Amazon Web Services,"{regard,AWS}",NaN,"31, Place des Corolles, Courbevoie, 92400",SaaS / Cloud Services,CDI,2023-05-03,"Amazon Web Services (AWS) est la plateforme cloud la plus complÃ¨te et la plus largement adoptÃ©e au monde. Elle propose plus de 200 services complets issus de centres de donnÃ©es du monde entier. Des millions de clients (dont certaines des startups les plus dynamiques au monde, de trÃ¨s grandes entreprises et des agences fÃ©dÃ©rales de premier plan) utilisent AWS pour rÃ©duire leurs coÃ»ts, gagner en agilitÃ© et innover plus rapidement. The Global Expansion Engineering team is looking for a results-oriented, inventive data center engineer to drive development, implementation and delivery of enterprise data centers through the use of colocation facilities, which meet strict quality and performance levels across the globe. What we offer: Amazon offers a fast paced, fun, and exciting work environment. We continue to grow at exponential rates and are looking for individuals that can support our speed to market, enjoy a challenge, and have a desire for professional growth and continuous learning experiences. Amazonâ€™s work environment is unique in every aspect and offers an exceptional opportunity for the right candidate. Our Global Expansion Engineers (Data Center Project Engineer): assist in site planning, development and delivery of data center environments globally, which maintain the highest performance standards and utilize innovation to reduce budgets and increase efficiency. design review site selection technical negotiation single point of failure remediation infrastructure upgrade site acceptance of mission-critical facilities and associated MEP components. You may also be required to respond to off hour calls in regard to emergent events and contribute to the resolution of various data center performance impacting infrastructure issues. Our Engineers are strong leaders who can prioritize well, communicate clearly, and have a consistent track record of delivery. Masterâ€™s degree in Mechanical/ Electrical Engineering or relevant discipline. 3-5 years experience directly related to Data Center Infrastructure Professional Engineering license. Certified Data Center Design Professional (CDCDP). Understanding of international code requirements. Fundamental knowledge of network design and layout. Possess excellent communication skills, attention to detail, and maintain high quality standards. Possess leadership and problem solving skills. Be a motivated, highly dependable individual. Amazon est un employeur engagÃ© pour l'Ã©galitÃ© des chances. Nous sommes convaincus qu'une main d'oeuvre diversifÃ©e est essentielle Ã  notre rÃ©ussite. Nous prenons nos dÃ©cisions de recrutement en fonction de votre expÃ©rience et de vos compÃ©tences. Nous apprÃ©cions votre envie de dÃ©couvrir, d'inventer, de simplifier et de construire. La protection de votre vie privÃ©e et la sÃ©curitÃ© de vos donnÃ©es constituent depuis longtemps une prioritÃ© absolue pour Amazon. Veuillez consulter notre Politique de ConfidentialitÃ© pour en savoir plus sur la faÃ§on dont nous collectons, utilisons et traitons les donnÃ©es personnelles de nos candidats.",,Bac +3,N,> 5 ans,0,1,0.06201736729460424
